address,npa,batch
+12067586569,206,live-since-aug22
+12076000170,207,live-since-aug22
+12076000214,207,live-since-aug22
+12077888455,207,live-since-aug22
+12078008991,207,live-since-aug22
+12078555847,207,live-since-aug22
+12139988849,213,live-since-aug22
+12142543844,214,live-since-aug22
+12142543864,214,live-since-aug22
+12142543874,214,live-since-aug22
+12142543879,214,live-since-aug22
+12142543881,214,live-since-aug22
+12142543882,214,live-since-aug22
+12169463187,216,live-since-aug22
+12169463566,216,live-since-aug22
+12169463785,216,live-since-aug22
+12169463958,216,live-since-aug22
+12169463970,216,live-since-aug22
+12169666037,216,live-since-aug22
+12169666471,216,live-since-aug22
+12169666503,216,live-since-aug22
+12169666570,216,live-since-aug22
+12169666609,216,live-since-aug22
+12169666691,216,live-since-aug22
+12169666897,216,live-since-aug22
+12189888682,218,live-since-aug22
+12195678102,219,live-since-aug22
+12197325002,219,live-since-aug22
+12202200560,220,live-since-aug22
+12205777127,220,live-since-aug22
+12206006753,220,live-since-aug22
+12232331121,223,live-since-aug22
+12232331126,223,live-since-aug22
+12232331130,223,live-since-aug22
+12232331131,223,live-since-aug22
+12233000053,223,live-since-aug22
+12233000059,223,live-since-aug22
+12233000081,223,live-since-aug22
+12233000468,223,live-since-aug22
+12233000493,223,live-since-aug22
+12233000516,223,live-since-aug22
+12233000561,223,live-since-aug22
+12233000586,223,live-since-aug22
+12233000651,223,live-since-aug22
+12233000675,223,live-since-aug22
+12233000677,223,live-since-aug22
+12233000796,223,live-since-aug22
+12233003916,223,live-since-aug22
+12236666220,223,live-since-aug22
+12248666492,224,live-since-aug22
+12249666972,224,live-since-aug22
+12283368648,228,live-since-aug22
+12283368649,228,live-since-aug22
+12283368650,228,live-since-aug22
+12283368651,228,live-since-aug22
+12294777905,229,live-since-aug22
+12294777907,229,live-since-aug22
+12294777915,229,live-since-aug22
+12294777920,229,live-since-aug22
+12294777922,229,live-since-aug22
+12297444721,229,live-since-aug22
+12297444739,229,live-since-aug22
+12297444751,229,live-since-aug22
+12297444760,229,live-since-aug22
+12297444891,229,live-since-aug22
+12297444965,229,live-since-aug22
+12298555107,229,live-since-aug22
+12298555121,229,live-since-aug22
+12298555302,229,live-since-aug22
+12344658992,234,live-since-aug22
+12345666452,234,live-since-aug22
+12346888423,234,live-since-aug22
+12394222735,239,live-since-aug22
+12394222741,239,live-since-aug22
+12394222743,239,live-since-aug22
+12397888274,239,live-since-aug22
+12397888361,239,live-since-aug22
+12397888378,239,live-since-aug22
+12397888395,239,live-since-aug22
+12397888511,239,live-since-aug22
+12397888535,239,live-since-aug22
+12397888606,239,live-since-aug22
+12397888615,239,live-since-aug22
+12397888632,239,live-since-aug22
+12399777903,239,live-since-aug22
+12399777931,239,live-since-aug22
+12399777936,239,live-since-aug22
+12515299431,251,live-since-aug22
+12515299503,251,live-since-aug22
+12515299673,251,live-since-aug22
+12516000538,251,live-since-aug22
+12516000790,251,live-since-aug22
+12516000902,251,live-since-aug22
+12528425149,252,book207-new
+12528425172,252,book207-new
+12528425181,252,book207-new
+12528425186,252,book207-new
+12528425197,252,book207-new
+12528425250,252,book207-new
+12528425257,252,book207-new
+12528425262,252,book207-new
+12528425313,252,book207-new
+12528425321,252,book207-new
+12528425409,252,book207-new
+12528425417,252,book207-new
+12528425436,252,book207-new
+12528425529,252,book207-new
+12528425572,252,book207-new
+12528425591,252,book207-new
+12528425603,252,book207-new
+12528425620,252,book207-new
+12528425633,252,book207-new
+12528425643,252,book207-new
+12528425718,252,book207-new
+12528425743,252,book207-new
+12528425745,252,book207-new
+12528425758,252,book207-new
+12528425784,252,book207-new
+12528425807,252,book207-new
+12528425833,252,book207-new
+12528425841,252,book207-new
+12528425852,252,book207-new
+12528425857,252,book207-new
+12528425879,252,book207-new
+12528425891,252,book207-new
+12528425897,252,book207-new
+12528425911,252,book207-new
+12528425914,252,book207-new
+12528425920,252,book207-new
+12528425926,252,book207-new
+12528425927,252,book207-new
+12528425928,252,book207-new
+12528425972,252,book207-new
+12528425983,252,book207-new
+12528555038,252,book207-new
+12528555081,252,book207-new
+12528555147,252,book207-new
+12528555258,252,book207-new
+12528555298,252,book207-new
+12528555421,252,book207-new
+12528555423,252,book207-new
+12528555441,252,book207-new
+12528555446,252,book207-new
+12528555447,252,book207-new
+12528555467,252,book207-new
+12528555468,252,book207-new
+12528555484,252,book207-new
+12528555520,252,book207-new
+12528555534,252,book207-new
+12528555602,252,book207-new
+12528555605,252,book207-new
+12528555618,252,book207-new
+12528555630,252,book207-new
+12528555650,252,book207-new
+12528555655,252,book207-new
+12528555691,252,book207-new
+12528555753,252,book207-new
+12528555764,252,book207-new
+12528555769,252,book207-new
+12528555786,252,book207-new
+12528555793,252,book207-new
+12528555817,252,book207-new
+12528555910,252,live-since-aug22
+12528557213,252,live-since-aug22
+12528557461,252,live-since-aug22
+12528666143,252,live-since-aug22
+12528666292,252,live-since-aug22
+12528666549,252,live-since-aug22
+12528666749,252,live-since-aug22
+12528666841,252,live-since-aug22
+12528666955,252,live-since-aug22
+12528777062,252,live-since-aug22
+12528777118,252,live-since-aug22
+12528777128,252,live-since-aug22
+12542555857,254,live-since-aug22
+12543354451,254,live-since-aug22
+12543354784,254,live-since-aug22
+12543354797,254,live-since-aug22
+12543486209,254,live-since-aug22
+12543486471,254,live-since-aug22
+12543486717,254,live-since-aug22
+12543486879,254,live-since-aug22
+12543569003,254,live-since-aug22
+12543569014,254,live-since-aug22
+12543569246,254,live-since-aug22
+12543569253,254,live-since-aug22
+12543569313,254,live-since-aug22
+12545999743,254,live-since-aug22
+12545999751,254,live-since-aug22
+12545999752,254,live-since-aug22
+12545999754,254,live-since-aug22
+12564777620,256,live-since-aug22
+12564777621,256,live-since-aug22
+12564777629,256,live-since-aug22
+12564777631,256,live-since-aug22
+12564777636,256,live-since-aug22
+12566888632,256,book207-new
+12566888634,256,book207-new
+12566888636,256,book207-new
+12566888638,256,book207-new
+12566888639,256,book207-new
+12566888640,256,book207-new
+12566888644,256,book207-new
+12566888645,256,book207-new
+12566888646,256,book207-new
+12566888649,256,book207-new
+12566888650,256,book207-new
+12566888651,256,book207-new
+12566888653,256,book207-new
+12566888655,256,book207-new
+12566888656,256,book207-new
+12566888662,256,book207-new
+12566888675,256,book207-new
+12566888676,256,book207-new
+12566888677,256,book207-new
+12566888680,256,book207-new
+12566888682,256,book207-new
+12566888683,256,book207-new
+12566888684,256,book207-new
+12566888685,256,book207-new
+12566888693,256,book207-new
+12566888701,256,book207-new
+12566888705,256,book207-new
+12566888709,256,book207-new
+12566888710,256,book207-new
+12566888712,256,book207-new
+12566888713,256,book207-new
+12566888715,256,book207-new
+12566888717,256,book207-new
+12566888720,256,book207-new
+12566888725,256,book207-new
+12566888728,256,book207-new
+12566888730,256,book207-new
+12566888744,256,book207-new
+12566888745,256,book207-new
+12566888755,256,book207-new
+12566888756,256,book207-new
+12566888759,256,book207-new
+12566888762,256,book207-new
+12566888764,256,book207-new
+12566888765,256,book207-new
+12566888766,256,book207-new
+12566888771,256,book207-new
+12566888773,256,book207-new
+12566888775,256,book207-new
+12566888776,256,book207-new
+12566888779,256,book207-new
+12566888785,256,book207-new
+12566888788,256,book207-new
+12566888791,256,book207-new
+12566888793,256,book207-new
+12566888794,256,book207-new
+12566888798,256,book207-new
+12566888803,256,book207-new
+12566888804,256,book207-new
+12566888809,256,book207-new
+12566888810,256,book207-new
+12566888815,256,book207-new
+12566888819,256,book207-new
+12566888831,256,book207-new
+12566888835,256,book207-new
+12566888839,256,book207-new
+12566888841,256,book207-new
+12566888843,256,book207-new
+12566888846,256,book207-new
+12566888850,256,book207-new
+12566888851,256,book207-new
+12566888856,256,book207-new
+12566888860,256,book207-new
+12566888865,256,book207-new
+12566888868,256,book207-new
+12566888870,256,book207-new
+12566888871,256,book207-new
+12566888874,256,book207-new
+12566888875,256,book207-new
+12566888876,256,book207-new
+12566888892,256,book207-new
+12607888923,260,live-since-aug22
+12624666150,262,live-since-aug22
+12693567299,269,live-since-aug22
+12693567627,269,live-since-aug22
+12693567921,269,live-since-aug22
+12703368060,270,live-since-aug22
+12703368061,270,live-since-aug22
+12703368062,270,live-since-aug22
+12708881041,270,live-since-aug22
+12708881121,270,live-since-aug22
+12708881377,270,live-since-aug22
+12708882763,270,live-since-aug22
+12708886105,270,live-since-aug22
+12708886205,270,live-since-aug22
+12709463884,270,live-since-aug22
+12725000515,272,live-since-aug22
+12763335815,276,live-since-aug22
+12764328046,276,live-since-aug22
+12764328062,276,live-since-aug22
+12764328231,276,live-since-aug22
+12764328295,276,live-since-aug22
+12764328386,276,live-since-aug22
+12764328389,276,live-since-aug22
+12764658155,276,live-since-aug22
+12767888269,276,live-since-aug22
+12767888313,276,live-since-aug22
+12769222032,276,live-since-aug22
+12794658141,279,live-since-aug22
+12795299534,279,live-since-aug22
+12797999028,279,live-since-aug22
+12812054989,281,live-since-aug22
+12812155040,281,live-since-aug22
+12812235041,281,live-since-aug22
+12812235071,281,live-since-aug22
+13042055919,304,live-since-aug22
+13047182840,304,live-since-aug22
+13054140547,305,live-since-aug22
+13054140548,305,live-since-aug22
+13054241980,305,live-since-aug22
+13096666146,309,live-since-aug22
+13136777218,313,book207-new
+13136777241,313,book207-new
+13139463751,313,book207-new
+13146961175,314,live-since-aug22
+13146961176,314,live-since-aug22
+13147170104,314,live-since-aug22
+13147171556,314,live-since-aug22
+13168166005,316,live-since-aug22
+13184852728,318,live-since-aug22
+13185236781,318,live-since-aug22
+13185236784,318,live-since-aug22
+13185236798,318,live-since-aug22
+13185236801,318,live-since-aug22
+13185236811,318,live-since-aug22
+13189777066,318,live-since-aug22
+13189777089,318,live-since-aug22
+13189777092,318,live-since-aug22
+13189777345,318,live-since-aug22
+13189777495,318,live-since-aug22
+13208884146,320,live-since-aug22
+13209463375,320,live-since-aug22
+13212356072,321,live-since-aug22
+13212356562,321,live-since-aug22
+13212356564,321,live-since-aug22
+13212356577,321,live-since-aug22
+13213352514,321,book207-new
+13213426316,321,live-since-aug22
+13213426318,321,live-since-aug22
+13213426320,321,live-since-aug22
+13213426321,321,live-since-aug22
+13213426322,321,live-since-aug22
+13213426323,321,live-since-aug22
+13213426324,321,live-since-aug22
+13213426325,321,live-since-aug22
+13213426326,321,live-since-aug22
+13213426327,321,live-since-aug22
+13213426328,321,book207-new
+13213426329,321,book207-new
+13213426334,321,book207-new
+13213426335,321,book207-new
+13213426337,321,book207-new
+13213426338,321,book207-new
+13213426339,321,book207-new
+13213426340,321,book207-new
+13213426341,321,book207-new
+13213426344,321,book207-new
+13213426346,321,book207-new
+13213426347,321,book207-new
+13213426348,321,book207-new
+13213426349,321,book207-new
+13213426407,321,book207-new
+13213426488,321,book207-new
+13213426583,321,book207-new
+13213426614,321,book207-new
+13213426720,321,book207-new
+13213426725,321,book207-new
+13213426728,321,book207-new
+13213426729,321,book207-new
+13213426731,321,book207-new
+13213426732,321,book207-new
+13213426733,321,book207-new
+13213426734,321,book207-new
+13213426735,321,book207-new
+13213426739,321,book207-new
+13213426740,321,book207-new
+13213426741,321,book207-new
+13213426743,321,book207-new
+13213426745,321,book207-new
+13213426748,321,book207-new
+13213426749,321,book207-new
+13213426750,321,book207-new
+13213426753,321,book207-new
+13213426755,321,book207-new
+13213426757,321,book207-new
+13213426758,321,book207-new
+13213426759,321,book207-new
+13213426760,321,book207-new
+13213426761,321,book207-new
+13213426762,321,book207-new
+13213426763,321,book207-new
+13213426764,321,book207-new
+13213426766,321,book207-new
+13213426770,321,book207-new
+13213426771,321,book207-new
+13213426772,321,book207-new
+13213426773,321,book207-new
+13213426774,321,book207-new
+13213426775,321,book207-new
+13213426779,321,book207-new
+13213426781,321,book207-new
+13213426782,321,book207-new
+13213426784,321,book207-new
+13213426787,321,book207-new
+13213426791,321,book207-new
+13213426797,321,book207-new
+13213426801,321,book207-new
+13213426802,321,book207-new
+13213426804,321,book207-new
+13213426805,321,book207-new
+13213426808,321,book207-new
+13213426809,321,book207-new
+13213426810,321,book207-new
+13213426811,321,book207-new
+13213426812,321,book207-new
+13213426813,321,book207-new
+13213426814,321,book207-new
+13213426816,321,book207-new
+13213426817,321,book207-new
+13213426818,321,book207-new
+13213426820,321,book207-new
+13213426821,321,book207-new
+13213426823,321,book207-new
+13213426824,321,book207-new
+13213426825,321,book207-new
+13213426826,321,book207-new
+13213426827,321,book207-new
+13213426828,321,book207-new
+13213426829,321,book207-new
+13213426830,321,book207-new
+13213426831,321,book207-new
+13213426832,321,book207-new
+13213426833,321,book207-new
+13213426840,321,book207-new
+13213426841,321,book207-new
+13213426842,321,book207-new
+13213426843,321,book207-new
+13213426850,321,book207-new
+13213426853,321,book207-new
+13213426854,321,book207-new
+13213426855,321,book207-new
+13213426856,321,book207-new
+13213426858,321,book207-new
+13213426859,321,book207-new
+13213426860,321,book207-new
+13257586236,325,live-since-aug22
+13257586238,325,live-since-aug22
+13257586239,325,live-since-aug22
+13257586240,325,live-since-aug22
+13257586241,325,live-since-aug22
+13257586243,325,live-since-aug22
+13257586248,325,live-since-aug22
+13257586249,325,live-since-aug22
+13257586250,325,live-since-aug22
+13257586251,325,live-since-aug22
+13257586252,325,live-since-aug22
+13257586254,325,live-since-aug22
+13257586256,325,live-since-aug22
+13257586257,325,live-since-aug22
+13257586259,325,live-since-aug22
+13257586260,325,live-since-aug22
+13257586261,325,live-since-aug22
+13257586268,325,live-since-aug22
+13259009036,325,live-since-aug22
+13263368927,326,live-since-aug22
+13267325926,326,live-since-aug22
+13267867072,326,live-since-aug22
+13302591383,330,live-since-aug22
+13302690640,330,live-since-aug22
+13302690642,330,live-since-aug22
+13302751021,330,live-since-aug22
+13302862865,330,live-since-aug22
+13302942604,330,live-since-aug22
+13303769402,330,book207-new
+13304083407,330,book207-new
+13304414471,330,book207-new
+13304562079,330,book207-new
+13304574268,330,book207-new
+13304701811,330,book207-new
+13304741314,330,book207-new
+13304741634,330,book207-new
+13304741645,330,book207-new
+13304750609,330,book207-new
+13304757550,330,book207-new
+13304757621,330,book207-new
+13304757666,330,book207-new
+13304858089,330,book207-new
+13305235200,330,book207-new
+13305235203,330,book207-new
+13305235205,330,book207-new
+13305235208,330,book207-new
+13305235209,330,book207-new
+13305235213,330,book207-new
+13305235217,330,book207-new
+13305235304,330,book207-new
+13305235305,330,book207-new
+13305235306,330,book207-new
+13305235311,330,book207-new
+13305235312,330,book207-new
+13305235316,330,book207-new
+13305235319,330,book207-new
+13305412069,330,book207-new
+13305564210,330,book207-new
+13305779997,330,book207-new
+13305945396,330,book207-new
+13306194534,330,book207-new
+13306280759,330,book207-new
+13306302689,330,book207-new
+13313999674,331,live-since-aug22
+13343456685,334,live-since-aug22
+13343456694,334,live-since-aug22
+13343456703,334,live-since-aug22
+13343456705,334,live-since-aug22
+13343456716,334,live-since-aug22
+13343456717,334,live-since-aug22
+13343456790,334,book207-new
+13343456794,334,book207-new
+13343456796,334,book207-new
+13343456803,334,book207-new
+13343456811,334,book207-new
+13343456905,334,book207-new
+13345777031,334,book207-new
+13345777062,334,book207-new
+13345777092,334,book207-new
+13345777113,334,live-since-aug22
+13345777116,334,book207-new
+13345777122,334,live-since-aug22
+13345777123,334,book207-new
+13345777127,334,book207-new
+13345777129,334,book207-new
+13345777133,334,book207-new
+13345777139,334,book207-new
+13345777140,334,book207-new
+13345777142,334,book207-new
+13345777144,334,book207-new
+13345777145,334,book207-new
+13345777146,334,book207-new
+13345777150,334,book207-new
+13345777151,334,book207-new
+13345777156,334,book207-new
+13345777158,334,book207-new
+13345777159,334,book207-new
+13345777160,334,book207-new
+13345777163,334,book207-new
+13345777169,334,book207-new
+13345777172,334,book207-new
+13345777174,334,book207-new
+13345777176,334,book207-new
+13345777177,334,book207-new
+13345777179,334,book207-new
+13345777182,334,book207-new
+13345777186,334,book207-new
+13345777188,334,book207-new
+13345777191,334,book207-new
+13345777192,334,book207-new
+13345777194,334,book207-new
+13345777195,334,book207-new
+13345777196,334,book207-new
+13345777201,334,book207-new
+13345777203,334,book207-new
+13345777209,334,book207-new
+13345777210,334,book207-new
+13345777211,334,book207-new
+13345777212,334,book207-new
+13345777223,334,book207-new
+13345777224,334,book207-new
+13345777230,334,book207-new
+13345777231,334,book207-new
+13345777234,334,book207-new
+13345777235,334,book207-new
+13345777236,334,book207-new
+13345777237,334,book207-new
+13345777238,334,book207-new
+13345777239,334,book207-new
+13345777243,334,book207-new
+13345777247,334,book207-new
+13345777250,334,book207-new
+13345777252,334,book207-new
+13345777257,334,book207-new
+13345777259,334,book207-new
+13345777261,334,book207-new
+13345777263,334,book207-new
+13345777264,334,book207-new
+13345777269,334,book207-new
+13345777273,334,book207-new
+13345777274,334,book207-new
+13345777276,334,book207-new
+13345777280,334,book207-new
+13345777281,334,book207-new
+13345777283,334,book207-new
+13345777285,334,book207-new
+13345777291,334,book207-new
+13345777295,334,book207-new
+13345777296,334,book207-new
+13349222131,334,live-since-aug22
+13364004030,336,live-since-aug22
+13364004033,336,live-since-aug22
+13364004043,336,live-since-aug22
+13364004046,336,live-since-aug22
+13364004048,336,live-since-aug22
+13364004049,336,live-since-aug22
+13364004051,336,live-since-aug22
+13364004054,336,live-since-aug22
+13364004055,336,live-since-aug22
+13364004056,336,live-since-aug22
+13364004058,336,live-since-aug22
+13364004064,336,live-since-aug22
+13364004065,336,live-since-aug22
+13364004068,336,live-since-aug22
+13364004128,336,live-since-aug22
+13364004559,336,live-since-aug22
+13373000958,337,live-since-aug22
+13373003169,337,live-since-aug22
+13373999205,337,live-since-aug22
+13373999654,337,live-since-aug22
+13373999877,337,live-since-aug22
+13374555418,337,live-since-aug22
+13376777439,337,live-since-aug22
+13412264746,341,live-since-aug22
+13413333058,341,live-since-aug22
+13413486865,341,live-since-aug22
+13415005505,341,live-since-aug22
+13416000886,341,live-since-aug22
+13419009697,341,live-since-aug22
+13419463187,341,live-since-aug22
+13465666747,346,live-since-aug22
+13465888721,346,live-since-aug22
+13467899305,346,live-since-aug22
+13468999314,346,live-since-aug22
+13524999535,352,live-since-aug22
+13524999542,352,live-since-aug22
+13524999557,352,live-since-aug22
+13524999565,352,book207-new
+13524999569,352,book207-new
+13524999571,352,book207-new
+13524999588,352,book207-new
+13524999590,352,book207-new
+13524999624,352,book207-new
+13524999715,352,book207-new
+13524999724,352,book207-new
+13524999980,352,book207-new
+13526777068,352,book207-new
+13526777612,352,book207-new
+13526777693,352,book207-new
+13526777812,352,book207-new
+13526777952,352,book207-new
+13527444178,352,book207-new
+13527444485,352,book207-new
+13527444906,352,book207-new
+13527663048,352,book207-new
+13527663374,352,book207-new
+13527663613,352,book207-new
+13527663765,352,book207-new
+13527663971,352,book207-new
+13527666068,352,book207-new
+13527666080,352,book207-new
+13527666195,352,book207-new
+13527666280,352,book207-new
+13527666329,352,book207-new
+13527666396,352,book207-new
+13527666486,352,book207-new
+13527666857,352,book207-new
+13527888065,352,book207-new
+13527888071,352,book207-new
+13527888201,352,book207-new
+13527888242,352,book207-new
+13527888345,352,book207-new
+13527888440,352,book207-new
+13527888509,352,book207-new
+13527888722,352,book207-new
+13527888860,352,book207-new
+13528222163,352,book207-new
+13528222191,352,book207-new
+13528222249,352,book207-new
+13528222324,352,book207-new
+13528222327,352,book207-new
+13528222355,352,book207-new
+13528222382,352,book207-new
+13528222506,352,book207-new
+13528222897,352,book207-new
+13528425095,352,book207-new
+13528425172,352,book207-new
+13528425405,352,book207-new
+13528425441,352,book207-new
+13528425471,352,book207-new
+13528425499,352,book207-new
+13528425593,352,book207-new
+13528425752,352,book207-new
+13528555007,352,book207-new
+13528555034,352,book207-new
+13528555203,352,book207-new
+13528555234,352,book207-new
+13528555237,352,book207-new
+13528555591,352,book207-new
+13528555926,352,book207-new
+13528666950,352,book207-new
+13528999133,352,book207-new
+13528999348,352,book207-new
+13528999589,352,book207-new
+13528999946,352,book207-new
+13529222261,352,book207-new
+13529222420,352,book207-new
+13529222467,352,book207-new
+13529222668,352,book207-new
+13613000030,361,live-since-aug22
+13613000048,361,live-since-aug22
+13613000051,361,live-since-aug22
+13613000052,361,live-since-aug22
+13614777312,361,live-since-aug22
+13648008225,364,live-since-aug22
+13803567969,380,live-since-aug22
+13868777853,386,live-since-aug22
+13868777854,386,live-since-aug22
+13868777855,386,live-since-aug22
+13868777857,386,live-since-aug22
+13868777859,386,live-since-aug22
+13868777860,386,live-since-aug22
+13868777863,386,live-since-aug22
+13868777864,386,live-since-aug22
+13868777865,386,live-since-aug22
+13868777866,386,live-since-aug22
+14052999482,405,live-since-aug22
+14052999708,405,live-since-aug22
+14052999733,405,live-since-aug22
+14052999746,405,live-since-aug22
+14052999837,405,live-since-aug22
+14052999861,405,live-since-aug22
+14092033249,409,live-since-aug22
+14092224073,409,live-since-aug22
+14092224107,409,live-since-aug22
+14143486120,414,live-since-aug22
+14143486323,414,live-since-aug22
+14143486431,414,live-since-aug22
+14146444976,414,live-since-aug22
+14149666271,414,live-since-aug22
+14174888545,417,live-since-aug22
+14174888547,417,live-since-aug22
+14174888550,417,live-since-aug22
+14174888553,417,live-since-aug22
+14174888556,417,live-since-aug22
+14174888557,417,live-since-aug22
+14175000256,417,live-since-aug22
+14175666817,417,live-since-aug22
+14176888560,417,live-since-aug22
+14178555419,417,live-since-aug22
+14179000537,417,live-since-aug22
+14193799144,419,live-since-aug22
+14194133574,419,live-since-aug22
+14195005194,419,live-since-aug22
+14195005819,419,book207-new
+14195005831,419,book207-new
+14195046458,419,book207-new
+14195404913,419,book207-new
+14195404974,419,book207-new
+14196006057,419,book207-new
+14196006062,419,book207-new
+14196006140,419,book207-new
+14196006178,419,book207-new
+14196006223,419,book207-new
+14196006230,419,book207-new
+14196006237,419,book207-new
+14196006241,419,book207-new
+14196006252,419,book207-new
+14196006283,419,book207-new
+14196006286,419,book207-new
+14196006289,419,book207-new
+14196006292,419,book207-new
+14196006299,419,book207-new
+14196006303,419,book207-new
+14196006306,419,book207-new
+14196006307,419,book207-new
+14196006330,419,book207-new
+14196006335,419,book207-new
+14196006347,419,book207-new
+14196006354,419,book207-new
+14196006357,419,book207-new
+14196006367,419,book207-new
+14196006393,419,book207-new
+14196006399,419,book207-new
+14196006422,419,book207-new
+14196006430,419,book207-new
+14196006441,419,book207-new
+14196006442,419,book207-new
+14196006450,419,book207-new
+14196006508,419,book207-new
+14196006511,419,book207-new
+14196006516,419,book207-new
+14196006517,419,book207-new
+14196006525,419,book207-new
+14196006529,419,book207-new
+14196006531,419,book207-new
+14196006532,419,book207-new
+14196006552,419,book207-new
+14196006560,419,book207-new
+14196006575,419,book207-new
+14196006580,419,book207-new
+14196006595,419,book207-new
+14196006631,419,book207-new
+14196006645,419,book207-new
+14196006704,419,book207-new
+14196006706,419,book207-new
+14196006712,419,book207-new
+14196006721,419,book207-new
+14196006731,419,book207-new
+14196006734,419,book207-new
+14196006735,419,book207-new
+14196006747,419,book207-new
+14196006771,419,book207-new
+14196006781,419,book207-new
+14196006783,419,book207-new
+14196006796,419,book207-new
+14196006824,419,book207-new
+14196006835,419,book207-new
+14196006837,419,book207-new
+14196006847,419,book207-new
+14196006852,419,book207-new
+14196006855,419,book207-new
+14196006877,419,book207-new
+14196006880,419,book207-new
+14196006897,419,book207-new
+14196006903,419,book207-new
+14196006904,419,book207-new
+14196006911,419,book207-new
+14196006918,419,book207-new
+14196006923,419,book207-new
+14196006925,419,book207-new
+14196006926,419,book207-new
+14196006933,419,book207-new
+14196006937,419,book207-new
+14196006942,419,book207-new
+14196006943,419,book207-new
+14196006948,419,book207-new
+14196006971,419,book207-new
+14196006987,419,book207-new
+14196006997,419,book207-new
+14235777088,423,book207-new
+14235777220,423,book207-new
+14235777293,423,book207-new
+14235777303,423,book207-new
+14235777365,423,book207-new
+14235777422,423,book207-new
+14235777442,423,book207-new
+14235777503,423,live-since-aug22
+14235777505,423,live-since-aug22
+14235777507,423,live-since-aug22
+14235777508,423,live-since-aug22
+14235777509,423,live-since-aug22
+14235777510,423,live-since-aug22
+14235777512,423,live-since-aug22
+14235777543,423,book207-new
+14235777792,423,book207-new
+14235777793,423,book207-new
+14235777795,423,book207-new
+14235777796,423,book207-new
+14235777797,423,book207-new
+14235777802,423,book207-new
+14235777803,423,book207-new
+14235777804,423,book207-new
+14235777894,423,book207-new
+14235777991,423,book207-new
+14235777992,423,book207-new
+14235777993,423,book207-new
+14235777994,423,book207-new
+14236361402,423,book207-new
+14236444011,423,book207-new
+14236444012,423,book207-new
+14236444050,423,book207-new
+14236444093,423,book207-new
+14236444237,423,book207-new
+14236444803,423,book207-new
+14238732585,423,book207-new
+14238732722,423,book207-new
+14238732908,423,book207-new
+14239222133,423,book207-new
+14239222251,423,book207-new
+14239222284,423,book207-new
+14239222577,423,book207-new
+14239555184,423,book207-new
+14239555209,423,book207-new
+14239555246,423,book207-new
+14239555503,423,book207-new
+14239555557,423,book207-new
+14239555767,423,book207-new
+14239555962,423,book207-new
+14239666208,423,book207-new
+14239666873,423,book207-new
+14239777344,423,book207-new
+14239777391,423,book207-new
+14239777397,423,book207-new
+14239777595,423,book207-new
+14247586294,424,live-since-aug22
+14247663978,424,live-since-aug22
+14249444659,424,live-since-aug22
+14305293819,430,live-since-aug22
+14305299549,430,live-since-aug22
+14306006734,430,live-since-aug22
+14306888088,430,live-since-aug22
+14309999551,430,live-since-aug22
+14322777122,432,live-since-aug22
+14322777693,432,live-since-aug22
+14329000391,432,live-since-aug22
+14342183899,434,live-since-aug22
+14342183901,434,live-since-aug22
+14342183902,434,live-since-aug22
+14345678436,434,live-since-aug22
+14346444660,434,live-since-aug22
+14357776649,435,live-since-aug22
+14405296417,440,live-since-aug22
+14405296576,440,live-since-aug22
+14423777054,442,live-since-aug22
+14425999272,442,live-since-aug22
+14427555125,442,live-since-aug22
+14428333740,442,live-since-aug22
+14429777870,442,live-since-aug22
+14452345053,445,live-since-aug22
+14452345140,445,live-since-aug22
+14452345304,445,live-since-aug22
+14452345718,445,live-since-aug22
+14452345719,445,live-since-aug22
+14452345724,445,live-since-aug22
+14452345725,445,live-since-aug22
+14452345728,445,live-since-aug22
+14452345730,445,live-since-aug22
+14452345732,445,live-since-aug22
+14452345733,445,live-since-aug22
+14452345734,445,book207-new
+14452345738,445,book207-new
+14452345741,445,book207-new
+14452345746,445,book207-new
+14452345750,445,book207-new
+14452345754,445,book207-new
+14452345755,445,book207-new
+14452345765,445,book207-new
+14452345766,445,book207-new
+14452345772,445,book207-new
+14452345780,445,book207-new
+14452345786,445,book207-new
+14452345788,445,book207-new
+14452345790,445,book207-new
+14452345792,445,book207-new
+14452345794,445,book207-new
+14452345798,445,book207-new
+14452345808,445,book207-new
+14452345810,445,book207-new
+14452345813,445,book207-new
+14452345814,445,book207-new
+14452345815,445,book207-new
+14452345818,445,book207-new
+14452345821,445,book207-new
+14452345827,445,book207-new
+14452345834,445,book207-new
+14452345842,445,book207-new
+14452345845,445,book207-new
+14452345850,445,book207-new
+14452345859,445,book207-new
+14452345866,445,book207-new
+14452345871,445,book207-new
+14452345877,445,book207-new
+14452345883,445,book207-new
+14452345887,445,book207-new
+14452345901,445,book207-new
+14452345907,445,book207-new
+14452345908,445,book207-new
+14452345911,445,book207-new
+14452345913,445,book207-new
+14452345918,445,book207-new
+14452345920,445,book207-new
+14452345922,445,book207-new
+14452345923,445,book207-new
+14452345928,445,book207-new
+14452345932,445,book207-new
+14452345935,445,book207-new
+14452345936,445,book207-new
+14452345939,445,book207-new
+14452345940,445,book207-new
+14452345943,445,book207-new
+14452345945,445,book207-new
+14452345947,445,book207-new
+14452345948,445,book207-new
+14452345957,445,book207-new
+14452345960,445,book207-new
+14452345961,445,book207-new
+14452345964,445,book207-new
+14452345965,445,book207-new
+14452345968,445,book207-new
+14452345973,445,book207-new
+14452345981,445,book207-new
+14452345989,445,book207-new
+14452345990,445,book207-new
+14452345993,445,book207-new
+14452345996,445,book207-new
+14452345998,445,book207-new
+14453456015,445,book207-new
+14453456023,445,book207-new
+14453456024,445,book207-new
+14453456025,445,book207-new
+14453456027,445,book207-new
+14453456043,445,book207-new
+14453456047,445,book207-new
+14453456048,445,book207-new
+14453456055,445,book207-new
+14453456058,445,book207-new
+14453456061,445,book207-new
+14453456062,445,book207-new
+14453456063,445,book207-new
+14453456067,445,book207-new
+14453456071,445,book207-new
+14453456074,445,book207-new
+14453456077,445,book207-new
+14453456081,445,book207-new
+14453456083,445,book207-new
+14453456091,445,book207-new
+14453456092,445,book207-new
+14453456099,445,book207-new
+14453456102,445,book207-new
+14453456109,445,book207-new
+14453456115,445,book207-new
+14453456117,445,book207-new
+14453456118,445,book207-new
+14472345606,447,live-since-aug22
+14472345607,447,live-since-aug22
+14472345610,447,live-since-aug22
+14476006525,447,live-since-aug22
+14476666125,447,live-since-aug22
+14477663643,447,live-since-aug22
+14485000029,448,live-since-aug22
+14632345281,463,live-since-aug22
+14632345284,463,live-since-aug22
+14632345287,463,live-since-aug22
+14632345291,463,live-since-aug22
+14632345391,463,live-since-aug22
+14632345392,463,live-since-aug22
+14632345393,463,live-since-aug22
+14632345395,463,live-since-aug22
+14632345406,463,live-since-aug22
+14632345407,463,live-since-aug22
+14632345416,463,live-since-aug22
+14632345418,463,live-since-aug22
+14632345419,463,live-since-aug22
+14632345420,463,live-since-aug22
+14633486366,463,live-since-aug22
+14634000541,463,live-since-aug22
+14634658494,463,live-since-aug22
+14637246912,463,live-since-aug22
+14637666207,463,live-since-aug22
+14643000687,464,live-since-aug22
+14644444136,464,live-since-aug22
+14693109262,469,live-since-aug22
+14693290700,469,live-since-aug22
+14693337965,469,live-since-aug22
+14703006383,470,live-since-aug22
+14703006909,470,live-since-aug22
+14703007620,470,live-since-aug22
+14703158752,470,live-since-aug22
+14703365634,470,live-since-aug22
+14703446789,470,live-since-aug22
+14703570407,470,live-since-aug22
+14703570408,470,live-since-aug22
+14706777726,470,live-since-aug22
+14706777735,470,live-since-aug22
+14706777737,470,live-since-aug22
+14706777761,470,live-since-aug22
+14706777798,470,live-since-aug22
+14706777801,470,live-since-aug22
+14706777813,470,live-since-aug22
+14706777814,470,live-since-aug22
+14706777820,470,live-since-aug22
+14706777826,470,live-since-aug22
+14706777827,470,live-since-aug22
+14706888763,470,book207-new
+14708008331,470,book207-new
+14708444166,470,book207-new
+14708444195,470,book207-new
+14708444213,470,book207-new
+14708444378,470,book207-new
+14708444762,470,book207-new
+14709333475,470,book207-new
+14709333722,470,book207-new
+14709444150,470,book207-new
+14709444194,470,book207-new
+14709666105,470,book207-new
+14709666916,470,book207-new
+14709777216,470,book207-new
+14709777423,470,book207-new
+14709777670,470,book207-new
+14757586685,475,live-since-aug22
+14759777685,475,live-since-aug22
+14783000109,478,live-since-aug22
+14783000203,478,live-since-aug22
+14783000212,478,live-since-aug22
+14802108733,480,live-since-aug22
+14802108734,480,live-since-aug22
+14802108735,480,live-since-aug22
+14802108737,480,live-since-aug22
+14802577335,480,live-since-aug22
+14803276029,480,live-since-aug22
+14808666082,480,live-since-aug22
+14808666086,480,live-since-aug22
+14808666088,480,live-since-aug22
+14808666093,480,live-since-aug22
+14808666097,480,live-since-aug22
+14808666115,480,book207-new
+14808666117,480,book207-new
+14808666118,480,book207-new
+14808666121,480,book207-new
+14808666123,480,book207-new
+14808666124,480,book207-new
+14808666125,480,book207-new
+14808666129,480,book207-new
+14808666131,480,book207-new
+14808666141,480,book207-new
+14808666142,480,book207-new
+14808666143,480,book207-new
+14808666144,480,book207-new
+14808666146,480,book207-new
+14808666149,480,book207-new
+14808666152,480,book207-new
+14808666153,480,book207-new
+14808666155,480,book207-new
+14808666157,480,book207-new
+14808666160,480,book207-new
+14808666162,480,book207-new
+14808666165,480,book207-new
+14808666167,480,book207-new
+14808666170,480,book207-new
+14808666190,480,book207-new
+14808666192,480,book207-new
+14808666195,480,book207-new
+14808666199,480,book207-new
+14808666202,480,book207-new
+14808666203,480,book207-new
+14808666209,480,book207-new
+14808666271,480,book207-new
+14808666273,480,book207-new
+14808666305,480,book207-new
+14808666334,480,book207-new
+14808666396,480,book207-new
+14808666412,480,book207-new
+14808666414,480,book207-new
+14808666418,480,book207-new
+14808666419,480,book207-new
+14808666421,480,book207-new
+14808666424,480,book207-new
+14808666425,480,book207-new
+14808666426,480,book207-new
+14808666428,480,book207-new
+14808666429,480,book207-new
+14808666430,480,book207-new
+14808666431,480,book207-new
+14808666432,480,book207-new
+14808666434,480,book207-new
+14808666436,480,book207-new
+14808666437,480,book207-new
+14808666439,480,book207-new
+14808666440,480,book207-new
+14808666441,480,book207-new
+14808666442,480,book207-new
+14808666443,480,book207-new
+14808666445,480,book207-new
+14808666451,480,book207-new
+14808666452,480,book207-new
+14808666463,480,book207-new
+14808666468,480,book207-new
+14808666472,480,book207-new
+14808666475,480,book207-new
+14808666476,480,book207-new
+14808666486,480,book207-new
+14808666487,480,book207-new
+14808666489,480,book207-new
+14808666492,480,book207-new
+14808666493,480,book207-new
+14808666495,480,book207-new
+14808666496,480,book207-new
+14808666498,480,book207-new
+14808666501,480,book207-new
+14808666503,480,book207-new
+14808666509,480,book207-new
+14808666511,480,book207-new
+14808666512,480,book207-new
+14808666514,480,book207-new
+14808666519,480,book207-new
+14808666520,480,book207-new
+14808666527,480,book207-new
+14809333068,480,book207-new
+14809333069,480,book207-new
+14809333070,480,book207-new
+14809333071,480,book207-new
+14809333072,480,book207-new
+14809333074,480,book207-new
+14809333076,480,book207-new
+14809333078,480,book207-new
+14809333080,480,book207-new
+14809333081,480,book207-new
+14809333082,480,book207-new
+14809333089,480,book207-new
+14809333090,480,book207-new
+14809333101,480,book207-new
+14809333104,480,book207-new
+14809333116,480,book207-new
+15013569232,501,live-since-aug22
+15013569893,501,live-since-aug22
+15015678051,501,live-since-aug22
+15022382842,502,live-since-aug22
+15022412639,502,live-since-aug22
+15022416569,502,live-since-aug22
+15046777440,504,live-since-aug22
+15046777830,504,live-since-aug22
+15046777875,504,live-since-aug22
+15159009196,515,live-since-aug22
+15203039326,520,live-since-aug22
+15203039329,520,live-since-aug22
+15203039338,520,live-since-aug22
+15304544240,530,live-since-aug22
+15304633317,530,live-since-aug22
+15308008628,530,live-since-aug22
+15308294310,530,live-since-aug22
+15313456244,531,live-since-aug22
+15313456506,531,live-since-aug22
+15319000454,531,live-since-aug22
+15319000785,531,live-since-aug22
+15343000160,534,live-since-aug22
+15346007811,534,live-since-aug22
+15346667503,534,live-since-aug22
+15393368901,539,live-since-aug22
+15393462068,539,live-since-aug22
+15393462318,539,live-since-aug22
+15393462408,539,live-since-aug22
+15394328474,539,live-since-aug22
+15394328475,539,live-since-aug22
+15394328477,539,live-since-aug22
+15394658398,539,live-since-aug22
+15394658399,539,live-since-aug22
+15394658403,539,live-since-aug22
+15394658408,539,live-since-aug22
+15394658410,539,live-since-aug22
+15394658413,539,live-since-aug22
+15395299612,539,live-since-aug22
+15396678392,539,live-since-aug22
+15397867692,539,live-since-aug22
+15397899650,539,live-since-aug22
+15402006155,540,live-since-aug22
+15402270930,540,live-since-aug22
+15402400141,540,live-since-aug22
+15402400158,540,live-since-aug22
+15517586716,551,live-since-aug22
+15517586797,551,live-since-aug22
+15599555084,559,live-since-aug22
+15612003449,561,live-since-aug22
+15612003454,561,live-since-aug22
+15612003529,561,live-since-aug22
+15628444393,562,live-since-aug22
+15635000716,563,live-since-aug22
+15672685214,567,live-since-aug22
+15678425076,567,live-since-aug22
+15709009120,570,live-since-aug22
+15709009941,570,live-since-aug22
+15709009992,570,live-since-aug22
+15709380288,570,live-since-aug22
+15724000119,572,live-since-aug22
+15732026220,573,live-since-aug22
+15732555011,573,live-since-aug22
+15732555037,573,live-since-aug22
+15732555099,573,live-since-aug22
+15736555659,573,live-since-aug22
+15736888817,573,live-since-aug22
+15739009627,573,live-since-aug22
+15746000709,574,live-since-aug22
+15747663745,574,live-since-aug22
+15749660451,574,live-since-aug22
+15754658388,575,live-since-aug22
+15809463220,580,live-since-aug22
+15822000952,582,live-since-aug22
+15828008958,582,live-since-aug22
+16062222080,606,live-since-aug22
+16062222097,606,live-since-aug22
+16062222113,606,live-since-aug22
+16062222132,606,live-since-aug22
+16062222179,606,live-since-aug22
+16062222309,606,live-since-aug22
+16062222315,606,live-since-aug22
+16062222328,606,live-since-aug22
+16062222685,606,live-since-aug22
+16062222696,606,live-since-aug22
+16064000203,606,live-since-aug22
+16084200759,608,live-since-aug22
+16084999657,608,live-since-aug22
+16089009359,608,live-since-aug22
+16099666107,609,live-since-aug22
+16105770406,610,live-since-aug22
+16106100465,610,live-since-aug22
+16106100615,610,live-since-aug22
+16143057241,614,live-since-aug22
+16143288267,614,live-since-aug22
+16143356030,614,live-since-aug22
+16143356072,614,live-since-aug22
+16153759514,615,live-since-aug22
+16153759532,615,live-since-aug22
+16153759534,615,live-since-aug22
+16153759550,615,live-since-aug22
+16153759552,615,live-since-aug22
+16153759554,615,live-since-aug22
+16163486711,616,live-since-aug22
+16164000371,616,live-since-aug22
+16164004596,616,live-since-aug22
+16206666242,620,live-since-aug22
+16206666414,620,live-since-aug22
+16206678646,620,live-since-aug22
+16207888159,620,live-since-aug22
+16233567068,623,live-since-aug22
+16233567081,623,live-since-aug22
+16233567094,623,live-since-aug22
+16236000338,623,live-since-aug22
+16266053775,626,live-since-aug22
+16267709940,626,live-since-aug22
+16268869341,626,live-since-aug22
+16269909874,626,live-since-aug22
+16282999915,628,live-since-aug22
+16284888261,628,live-since-aug22
+16286288424,628,live-since-aug22
+16293486212,629,live-since-aug22
+16293486214,629,live-since-aug22
+16293486216,629,live-since-aug22
+16293486217,629,live-since-aug22
+16293486219,629,live-since-aug22
+16293486227,629,live-since-aug22
+16293486494,629,live-since-aug22
+16367325568,636,live-since-aug22
+16416888253,641,live-since-aug22
+16507899847,650,live-since-aug22
+16509555096,650,live-since-aug22
+16563003447,656,live-since-aug22
+16576777058,657,live-since-aug22
+16576777509,657,live-since-aug22
+16579463006,657,live-since-aug22
+16592345896,659,live-since-aug22
+16592345902,659,live-since-aug22
+16592345906,659,live-since-aug22
+16592345909,659,live-since-aug22
+16592345911,659,live-since-aug22
+16592345913,659,live-since-aug22
+16595005813,659,live-since-aug22
+16597325539,659,live-since-aug22
+16603567632,660,live-since-aug22
+16603666641,660,live-since-aug22
+16604000923,660,live-since-aug22
+16604333651,660,live-since-aug22
+16604445861,660,live-since-aug22
+16605666152,660,live-since-aug22
+16607246967,660,live-since-aug22
+16608555010,660,live-since-aug22
+16612645763,661,live-since-aug22
+16615666486,661,live-since-aug22
+16616777295,661,live-since-aug22
+16616888823,661,live-since-aug22
+16625299284,662,live-since-aug22
+16625299287,662,live-since-aug22
+16625299291,662,live-since-aug22
+16693569450,669,live-since-aug22
+16697586492,669,live-since-aug22
+16697999421,669,live-since-aug22
+16786813029,678,book207-new
+16786813031,678,book207-new
+16786813036,678,book207-new
+16786813038,678,live-since-aug22
+16786813048,678,live-since-aug22
+16786813050,678,live-since-aug22
+16786813051,678,live-since-aug22
+16802477824,680,live-since-aug22
+16804658341,680,live-since-aug22
+16805299534,680,live-since-aug22
+16817222504,681,live-since-aug22
+16817777014,681,live-since-aug22
+16817777803,681,live-since-aug22
+16822672044,682,live-since-aug22
+16822676976,682,live-since-aug22
+16822676977,682,live-since-aug22
+16822676978,682,live-since-aug22
+16822676979,682,live-since-aug22
+16823456639,682,live-since-aug22
+16823456643,682,live-since-aug22
+16823456645,682,live-since-aug22
+16823456648,682,live-since-aug22
+16823456649,682,live-since-aug22
+16823456650,682,live-since-aug22
+16823456652,682,live-since-aug22
+16823486704,682,book207-new
+16823486705,682,book207-new
+16823486708,682,book207-new
+16823486716,682,book207-new
+16823486718,682,book207-new
+16823486721,682,book207-new
+16823486722,682,book207-new
+16823486724,682,book207-new
+16823486725,682,book207-new
+16823486727,682,book207-new
+16823486728,682,book207-new
+16823486730,682,book207-new
+16823486731,682,book207-new
+16823486734,682,book207-new
+16823486735,682,book207-new
+16823486737,682,book207-new
+16823486738,682,book207-new
+16823486739,682,book207-new
+16823486740,682,book207-new
+16823486742,682,book207-new
+16823486743,682,book207-new
+16823486748,682,book207-new
+16823486750,682,book207-new
+16823486751,682,book207-new
+16823486752,682,book207-new
+16823486755,682,book207-new
+16823486757,682,book207-new
+16823486759,682,book207-new
+16823486760,682,book207-new
+16823486761,682,book207-new
+16823486763,682,book207-new
+16823486766,682,book207-new
+16823486771,682,book207-new
+16823486772,682,book207-new
+16823486773,682,book207-new
+16823486780,682,book207-new
+16823486786,682,book207-new
+16823486791,682,book207-new
+16823486797,682,book207-new
+16823486801,682,book207-new
+16823486804,682,book207-new
+16823486807,682,book207-new
+16823486809,682,book207-new
+16823486811,682,book207-new
+16823486812,682,book207-new
+16823486813,682,book207-new
+16823486824,682,book207-new
+16823486825,682,book207-new
+16823486826,682,book207-new
+16823486831,682,book207-new
+16823486834,682,book207-new
+16823486835,682,book207-new
+16823486836,682,book207-new
+16823486842,682,book207-new
+16823486843,682,book207-new
+16823486846,682,book207-new
+16823486847,682,book207-new
+16823486848,682,book207-new
+16823486850,682,book207-new
+16823486851,682,book207-new
+16823486853,682,book207-new
+16823486855,682,book207-new
+16823486856,682,book207-new
+16823486857,682,book207-new
+16823486858,682,book207-new
+16823486861,682,book207-new
+16823486862,682,book207-new
+16827325930,682,live-since-aug22
+16827867001,682,live-since-aug22
+16828777167,682,live-since-aug22
+16893003920,689,live-since-aug22
+16893368205,689,live-since-aug22
+16894444579,689,live-since-aug22
+16896999491,689,live-since-aug22
+16899009718,689,live-since-aug22
+17026647674,702,live-since-aug22
+17026647687,702,live-since-aug22
+17026647842,702,live-since-aug22
+17026669074,702,live-since-aug22
+17027225121,702,live-since-aug22
+17073352599,707,live-since-aug22
+17073763120,707,live-since-aug22
+17077700930,707,live-since-aug22
+17087663055,708,live-since-aug22
+17087663065,708,live-since-aug22
+17087663066,708,live-since-aug22
+17087663067,708,live-since-aug22
+17087663072,708,live-since-aug22
+17128884957,712,live-since-aug22
+17134700831,713,live-since-aug22
+17134700834,713,live-since-aug22
+17134700835,713,live-since-aug22
+17134700842,713,live-since-aug22
+17252345663,725,live-since-aug22
+17255777266,725,live-since-aug22
+17262000086,726,book207-new
+17262000087,726,book207-new
+17262000131,726,book207-new
+17262000132,726,book207-new
+17262000133,726,book207-new
+17262000134,726,book207-new
+17262000135,726,book207-new
+17262000136,726,book207-new
+17262000137,726,book207-new
+17262000138,726,book207-new
+17262000533,726,live-since-aug22
+17262000534,726,live-since-aug22
+17262222254,726,live-since-aug22
+17262222257,726,live-since-aug22
+17262222258,726,live-since-aug22
+17262222259,726,live-since-aug22
+17262222260,726,live-since-aug22
+17262222279,726,live-since-aug22
+17262222471,726,live-since-aug22
+17262222472,726,live-since-aug22
+17262222473,726,live-since-aug22
+17262222474,726,live-since-aug22
+17262222482,726,live-since-aug22
+17262222484,726,live-since-aug22
+17262222486,726,live-since-aug22
+17262222489,726,live-since-aug22
+17262222491,726,live-since-aug22
+17262222494,726,live-since-aug22
+17262222498,726,live-since-aug22
+17262222502,726,live-since-aug22
+17262222503,726,book207-new
+17262222506,726,book207-new
+17262222508,726,book207-new
+17262222512,726,book207-new
+17262222513,726,book207-new
+17262222515,726,book207-new
+17262222517,726,book207-new
+17262222519,726,book207-new
+17262222521,726,book207-new
+17262222524,726,book207-new
+17262222529,726,book207-new
+17262222532,726,book207-new
+17262222536,726,book207-new
+17262222539,726,book207-new
+17262222545,726,book207-new
+17262222550,726,book207-new
+17262222556,726,book207-new
+17262222558,726,book207-new
+17262222561,726,book207-new
+17262222564,726,book207-new
+17262222565,726,book207-new
+17262222566,726,book207-new
+17262222567,726,book207-new
+17262222568,726,book207-new
+17262222570,726,book207-new
+17262222573,726,book207-new
+17262222574,726,book207-new
+17262222576,726,book207-new
+17262222579,726,book207-new
+17262222588,726,book207-new
+17262222592,726,book207-new
+17262222596,726,book207-new
+17262222601,726,book207-new
+17262222603,726,book207-new
+17262222604,726,book207-new
+17262222605,726,book207-new
+17262222612,726,book207-new
+17262222614,726,book207-new
+17262222616,726,book207-new
+17262222619,726,book207-new
+17262222621,726,book207-new
+17262222628,726,book207-new
+17262222630,726,book207-new
+17262222631,726,book207-new
+17262222642,726,book207-new
+17262222648,726,book207-new
+17262222651,726,book207-new
+17262222664,726,book207-new
+17262222668,726,book207-new
+17262222671,726,book207-new
+17262222672,726,book207-new
+17262222678,726,book207-new
+17262222682,726,book207-new
+17262222684,726,book207-new
+17262222687,726,book207-new
+17262222692,726,book207-new
+17262222695,726,book207-new
+17262222697,726,book207-new
+17262222698,726,book207-new
+17262222702,726,book207-new
+17262222704,726,book207-new
+17262222709,726,book207-new
+17262222710,726,book207-new
+17262222711,726,book207-new
+17262222715,726,book207-new
+17262222716,726,book207-new
+17262222717,726,book207-new
+17262222723,726,book207-new
+17262222731,726,book207-new
+17262222741,726,book207-new
+17262222744,726,book207-new
+17262222745,726,book207-new
+17262222749,726,book207-new
+17262222750,726,book207-new
+17262222751,726,book207-new
+17272709565,727,live-since-aug22
+17272874827,727,live-since-aug22
+17272882679,727,live-since-aug22
+17277663324,727,live-since-aug22
+17278555691,727,live-since-aug22
+17312000435,731,live-since-aug22
+17312013035,731,live-since-aug22
+17312020754,731,live-since-aug22
+17315005671,731,live-since-aug22
+17319009653,731,live-since-aug22
+17372444062,737,live-since-aug22
+17372444139,737,live-since-aug22
+17372444150,737,live-since-aug22
+17372444158,737,live-since-aug22
+17372444164,737,live-since-aug22
+17372444176,737,live-since-aug22
+17372444189,737,live-since-aug22
+17372444207,737,live-since-aug22
+17372444209,737,live-since-aug22
+17372444292,737,live-since-aug22
+17372444298,737,live-since-aug22
+17372444299,737,live-since-aug22
+17372444313,737,live-since-aug22
+17372444319,737,live-since-aug22
+17372444331,737,live-since-aug22
+17372444336,737,live-since-aug22
+17372666568,737,live-since-aug22
+17373456499,737,live-since-aug22
+17404103034,740,live-since-aug22
+17404623341,740,live-since-aug22
+17404623342,740,live-since-aug22
+17404752044,740,live-since-aug22
+17404752045,740,live-since-aug22
+17404830925,740,live-since-aug22
+17405290538,740,live-since-aug22
+17405293848,740,book207-new
+17405293849,740,book207-new
+17405293850,740,book207-new
+17405293851,740,book207-new
+17405293852,740,book207-new
+17405293857,740,book207-new
+17405293861,740,book207-new
+17405293866,740,book207-new
+17405293867,740,book207-new
+17405293869,740,book207-new
+17405293871,740,book207-new
+17405293877,740,book207-new
+17405293878,740,book207-new
+17405293885,740,book207-new
+17405293889,740,book207-new
+17405293894,740,book207-new
+17405293895,740,book207-new
+17405293896,740,book207-new
+17405293903,740,book207-new
+17405293905,740,book207-new
+17405293908,740,book207-new
+17405293913,740,book207-new
+17405293917,740,book207-new
+17405293918,740,book207-new
+17405293925,740,book207-new
+17405293926,740,book207-new
+17405293927,740,book207-new
+17405293931,740,book207-new
+17405293933,740,book207-new
+17405293935,740,book207-new
+17405293941,740,book207-new
+17405293942,740,book207-new
+17405293945,740,book207-new
+17405293946,740,book207-new
+17405293947,740,book207-new
+17405293948,740,book207-new
+17405293952,740,book207-new
+17405293956,740,book207-new
+17405293959,740,book207-new
+17405293966,740,book207-new
+17405293971,740,book207-new
+17405293972,740,book207-new
+17405293978,740,book207-new
+17405293984,740,book207-new
+17405293987,740,book207-new
+17405293988,740,book207-new
+17405293989,740,book207-new
+17405293990,740,book207-new
+17405293991,740,book207-new
+17405293992,740,book207-new
+17405293996,740,book207-new
+17405444005,740,book207-new
+17405444007,740,book207-new
+17405444009,740,book207-new
+17405444011,740,book207-new
+17405444013,740,book207-new
+17405444018,740,book207-new
+17405444021,740,book207-new
+17405444022,740,book207-new
+17405444024,740,book207-new
+17405444025,740,book207-new
+17405444027,740,book207-new
+17405444029,740,book207-new
+17405444034,740,book207-new
+17405444035,740,book207-new
+17405444038,740,book207-new
+17405444039,740,book207-new
+17405444043,740,book207-new
+17405444045,740,book207-new
+17405444048,740,book207-new
+17405444049,740,book207-new
+17405444051,740,book207-new
+17405444053,740,book207-new
+17405444057,740,book207-new
+17405444059,740,book207-new
+17405444083,740,book207-new
+17405444090,740,book207-new
+17405444109,740,book207-new
+17405444113,740,book207-new
+17405444126,740,book207-new
+17405444135,740,book207-new
+17405444137,740,book207-new
+17405444153,740,book207-new
+17405444164,740,book207-new
+17405444174,740,book207-new
+17405444191,740,book207-new
+17405444193,740,book207-new
+17405444203,740,book207-new
+17405444216,740,book207-new
+17405444239,740,book207-new
+17433456939,743,live-since-aug22
+17433456944,743,live-since-aug22
+17433456945,743,live-since-aug22
+17433456947,743,live-since-aug22
+17433456948,743,live-since-aug22
+17433456949,743,live-since-aug22
+17433456950,743,live-since-aug22
+17433456957,743,live-since-aug22
+17433456958,743,live-since-aug22
+17433456961,743,live-since-aug22
+17433456972,743,live-since-aug22
+17433456978,743,live-since-aug22
+17436000733,743,live-since-aug22
+17477444191,747,live-since-aug22
+17477444272,747,live-since-aug22
+17577325952,757,live-since-aug22
+17577325960,757,live-since-aug22
+17577325969,757,live-since-aug22
+17577325976,757,live-since-aug22
+17577325977,757,live-since-aug22
+17577325996,757,live-since-aug22
+17577333020,757,live-since-aug22
+17577333021,757,live-since-aug22
+17604186920,760,live-since-aug22
+17622574971,762,live-since-aug22
+17622574973,762,live-since-aug22
+17622574974,762,live-since-aug22
+17622574975,762,live-since-aug22
+17622574976,762,live-since-aug22
+17622574988,762,live-since-aug22
+17625299773,762,live-since-aug22
+17625299850,762,live-since-aug22
+17625299863,762,live-since-aug22
+17625888602,762,live-since-aug22
+17625888627,762,live-since-aug22
+17625999886,762,live-since-aug22
+17626888058,762,live-since-aug22
+17626888223,762,live-since-aug22
+17626888309,762,live-since-aug22
+17626888826,762,live-since-aug22
+17626888957,762,live-since-aug22
+17626999059,762,live-since-aug22
+17626999153,762,live-since-aug22
+17626999175,762,book207-new
+17626999269,762,book207-new
+17626999301,762,book207-new
+17626999930,762,book207-new
+17626999965,762,book207-new
+17627325152,762,book207-new
+17627325162,762,book207-new
+17627325237,762,book207-new
+17627325319,762,book207-new
+17627325368,762,book207-new
+17627325461,762,book207-new
+17627325761,762,book207-new
+17627586005,762,book207-new
+17627586319,762,book207-new
+17627586538,762,book207-new
+17627586798,762,book207-new
+17627586833,762,book207-new
+17627663128,762,book207-new
+17627663620,762,book207-new
+17627663986,762,book207-new
+17627663991,762,book207-new
+17627666239,762,book207-new
+17627666350,762,book207-new
+17627666645,762,book207-new
+17627666827,762,book207-new
+17627666838,762,book207-new
+17627666876,762,book207-new
+17627666952,762,book207-new
+17627899351,762,book207-new
+17627899580,762,book207-new
+17627899617,762,book207-new
+17627899691,762,book207-new
+17627999534,762,book207-new
+17627999757,762,book207-new
+17628425082,762,book207-new
+17628425146,762,book207-new
+17628425231,762,book207-new
+17628425261,762,book207-new
+17628425538,762,book207-new
+17628425554,762,book207-new
+17628425727,762,book207-new
+17629463085,762,book207-new
+17629463314,762,book207-new
+17629463547,762,book207-new
+17629463693,762,book207-new
+17629463705,762,book207-new
+17629463796,762,book207-new
+17656006496,765,live-since-aug22
+17656006497,765,live-since-aug22
+17656006504,765,live-since-aug22
+17656006508,765,live-since-aug22
+17656006511,765,live-since-aug22
+17656006512,765,live-since-aug22
+17692999160,769,live-since-aug22
+17692999162,769,live-since-aug22
+17692999164,769,live-since-aug22
+17692999165,769,live-since-aug22
+17692999220,769,live-since-aug22
+17692999226,769,live-since-aug22
+17692999227,769,live-since-aug22
+17692999228,769,live-since-aug22
+17692999230,769,live-since-aug22
+17692999236,769,live-since-aug22
+17692999237,769,live-since-aug22
+17692999243,769,live-since-aug22
+17724777166,772,live-since-aug22
+17745999491,774,live-since-aug22
+17755666238,775,live-since-aug22
+17759777817,775,live-since-aug22
+17796000032,779,live-since-aug22
+17797325503,779,live-since-aug22
+17797586493,779,live-since-aug22
+17797888070,779,live-since-aug22
+17859009488,785,live-since-aug22
+17869444181,786,live-since-aug22
+18043368470,804,live-since-aug22
+18043368472,804,live-since-aug22
+18043368476,804,live-since-aug22
+18044888455,804,live-since-aug22
+18046006128,804,live-since-aug22
+18053168509,805,live-since-aug22
+18056972027,805,live-since-aug22
+18062240485,806,live-since-aug22
+18062240588,806,live-since-aug22
+18062244003,806,live-since-aug22
+18062244013,806,live-since-aug22
+18062777159,806,live-since-aug22
+18065299281,806,live-since-aug22
+18065299870,806,live-since-aug22
+18068008602,806,live-since-aug22
+18127333513,812,live-since-aug22
+18127333538,812,live-since-aug22
+18127333584,812,live-since-aug22
+18127333586,812,live-since-aug22
+18127333682,812,live-since-aug22
+18127333717,812,live-since-aug22
+18127333735,812,live-since-aug22
+18127333740,812,live-since-aug22
+18127333742,812,live-since-aug22
+18132009552,813,live-since-aug22
+18132121439,813,live-since-aug22
+18132121440,813,live-since-aug22
+18144658623,814,live-since-aug22
+18144658749,814,live-since-aug22
+18144658919,814,live-since-aug22
+18162353043,816,live-since-aug22
+18163368148,816,live-since-aug22
+18163368327,816,live-since-aug22
+18165444720,816,live-since-aug22
+18165678203,816,live-since-aug22
+18167333698,816,live-since-aug22
+18186657967,818,live-since-aug22
+18186987202,818,live-since-aug22
+18203462876,820,live-since-aug22
+18205005126,820,live-since-aug22
+18207867739,820,live-since-aug22
+18208008369,820,live-since-aug22
+18269000026,826,live-since-aug22
+18283444049,828,live-since-aug22
+18283444056,828,live-since-aug22
+18283444063,828,live-since-aug22
+18283444064,828,live-since-aug22
+18308425933,830,live-since-aug22
+18317033287,831,live-since-aug22
+18318440407,831,live-since-aug22
+18318555770,831,live-since-aug22
+18318862295,831,live-since-aug22
+18324000134,832,live-since-aug22
+18324000140,832,live-since-aug22
+18324000141,832,live-since-aug22
+18324000142,832,live-since-aug22
+18324000144,832,live-since-aug22
+18324000146,832,live-since-aug22
+18324000175,832,book207-new
+18383777372,838,live-since-aug22
+18385888345,838,live-since-aug22
+18386777815,838,live-since-aug22
+18389777752,838,live-since-aug22
+18392000053,839,live-since-aug22
+18392000054,839,live-since-aug22
+18392000059,839,live-since-aug22
+18392000069,839,live-since-aug22
+18392000072,839,live-since-aug22
+18392000126,839,live-since-aug22
+18393567757,839,live-since-aug22
+18393567761,839,live-since-aug22
+18393567763,839,live-since-aug22
+18393567765,839,live-since-aug22
+18393567768,839,live-since-aug22
+18393567770,839,live-since-aug22
+18393567789,839,live-since-aug22
+18393567792,839,live-since-aug22
+18393567794,839,live-since-aug22
+18393567797,839,live-since-aug22
+18393567802,839,live-since-aug22
+18393567803,839,live-since-aug22
+18393567805,839,live-since-aug22
+18395005354,839,live-since-aug22
+18395299865,839,live-since-aug22
+18403333951,840,live-since-aug22
+18502629242,850,live-since-aug22
+18502667255,850,live-since-aug22
+18502667329,850,live-since-aug22
+18502701016,850,live-since-aug22
+18502701018,850,live-since-aug22
+18502701973,850,live-since-aug22
+18507444725,850,live-since-aug22
+18542345130,854,live-since-aug22
+18542345133,854,live-since-aug22
+18542345138,854,live-since-aug22
+18542345143,854,live-since-aug22
+18542345144,854,live-since-aug22
+18542345150,854,live-since-aug22
+18542345285,854,live-since-aug22
+18542345288,854,live-since-aug22
+18542345293,854,live-since-aug22
+18542345304,854,live-since-aug22
+18542345424,854,live-since-aug22
+18542345485,854,live-since-aug22
+18542345530,854,live-since-aug22
+18542345772,854,live-since-aug22
+18542345774,854,live-since-aug22
+18542345778,854,live-since-aug22
+18542345779,854,live-since-aug22
+18542345781,854,live-since-aug22
+18542345785,854,live-since-aug22
+18542345787,854,live-since-aug22
+18542345789,854,live-since-aug22
+18542345793,854,live-since-aug22
+18542345797,854,live-since-aug22
+18542345801,854,live-since-aug22
+18543000071,854,book207-new
+18543000072,854,book207-new
+18543000075,854,book207-new
+18543000080,854,book207-new
+18543000087,854,book207-new
+18543000089,854,book207-new
+18543000091,854,book207-new
+18543000092,854,book207-new
+18543000096,854,book207-new
+18543000097,854,book207-new
+18543000102,854,book207-new
+18543000103,854,book207-new
+18543000104,854,book207-new
+18543000106,854,book207-new
+18543000112,854,book207-new
+18543000113,854,book207-new
+18543000114,854,book207-new
+18543000117,854,book207-new
+18543000118,854,book207-new
+18543000121,854,book207-new
+18543000124,854,book207-new
+18543000130,854,book207-new
+18543000135,854,book207-new
+18543000136,854,book207-new
+18543000137,854,book207-new
+18543000139,854,book207-new
+18543000140,854,book207-new
+18543000142,854,book207-new
+18543000143,854,book207-new
+18543000144,854,book207-new
+18543000145,854,book207-new
+18543000149,854,book207-new
+18543000154,854,book207-new
+18543000155,854,book207-new
+18543000156,854,book207-new
+18543000159,854,book207-new
+18543000163,854,book207-new
+18543000170,854,book207-new
+18543000175,854,book207-new
+18543000183,854,book207-new
+18543000186,854,book207-new
+18543000187,854,book207-new
+18543000188,854,book207-new
+18543000189,854,book207-new
+18543000195,854,book207-new
+18543000199,854,book207-new
+18543000204,854,book207-new
+18543000206,854,book207-new
+18543000208,854,book207-new
+18543000215,854,book207-new
+18543000219,854,book207-new
+18543000221,854,book207-new
+18543000225,854,book207-new
+18543000228,854,book207-new
+18543000229,854,book207-new
+18543000230,854,book207-new
+18543000237,854,book207-new
+18543000241,854,book207-new
+18543000243,854,book207-new
+18543000244,854,book207-new
+18543000250,854,book207-new
+18543000257,854,book207-new
+18543000259,854,book207-new
+18543000260,854,book207-new
+18543000268,854,book207-new
+18543000269,854,book207-new
+18543000290,854,book207-new
+18543000296,854,book207-new
+18543000320,854,book207-new
+18543000323,854,book207-new
+18543000327,854,book207-new
+18543000335,854,book207-new
+18543000340,854,book207-new
+18543000342,854,book207-new
+18543000343,854,book207-new
+18543000350,854,book207-new
+18543000351,854,book207-new
+18543000352,854,book207-new
+18543000358,854,book207-new
+18543000359,854,book207-new
+18543000362,854,book207-new
+18543000367,854,book207-new
+18543000369,854,book207-new
+18543000372,854,book207-new
+18543000381,854,book207-new
+18543000387,854,book207-new
+18543000388,854,book207-new
+18543000389,854,book207-new
+18543000390,854,book207-new
+18543000392,854,book207-new
+18543000393,854,book207-new
+18543000394,854,book207-new
+18543000396,854,book207-new
+18543000397,854,book207-new
+18543000401,854,book207-new
+18543000410,854,book207-new
+18543000411,854,book207-new
+18543000412,854,book207-new
+18543000415,854,book207-new
+18543000424,854,book207-new
+18543000426,854,book207-new
+18543000428,854,book207-new
+18543000429,854,book207-new
+18543000431,854,book207-new
+18543000446,854,book207-new
+18543000455,854,book207-new
+18543000465,854,book207-new
+18543000466,854,book207-new
+18543000467,854,book207-new
+18543000469,854,book207-new
+18543000472,854,book207-new
+18543000476,854,book207-new
+18543000478,854,book207-new
+18543000480,854,book207-new
+18543000482,854,book207-new
+18543000489,854,book207-new
+18543000493,854,book207-new
+18543000494,854,book207-new
+18543000498,854,book207-new
+18543000502,854,book207-new
+18543000507,854,book207-new
+18543000511,854,book207-new
+18543000512,854,book207-new
+18543000515,854,book207-new
+18543368644,854,live-since-aug22
+18548425865,854,live-since-aug22
+18548433548,854,live-since-aug22
+18566967378,856,live-since-aug22
+18585858951,858,live-since-aug22
+18586444535,858,live-since-aug22
+18588675658,858,live-since-aug22
+18592866538,859,live-since-aug22
+18592866539,859,live-since-aug22
+18592866540,859,live-since-aug22
+18623555780,862,live-since-aug22
+18634328432,863,live-since-aug22
+18634888254,863,live-since-aug22
+18645888729,864,live-since-aug22
+18645888730,864,live-since-aug22
+18645888731,864,live-since-aug22
+18645888735,864,live-since-aug22
+18645888738,864,live-since-aug22
+18645888742,864,live-since-aug22
+18647555481,864,book207-new
+18647555495,864,book207-new
+18647555496,864,book207-new
+18647555502,864,book207-new
+18647555505,864,book207-new
+18647555516,864,book207-new
+18647555520,864,book207-new
+18647555524,864,book207-new
+18647555528,864,book207-new
+18647555534,864,book207-new
+18647555540,864,book207-new
+18647555541,864,book207-new
+18647555547,864,book207-new
+18647555567,864,book207-new
+18647555569,864,book207-new
+18647555570,864,book207-new
+18647555574,864,book207-new
+18647555578,864,book207-new
+18647555581,864,book207-new
+18647555585,864,book207-new
+18647555594,864,book207-new
+18647555596,864,book207-new
+18647555601,864,book207-new
+18647555609,864,book207-new
+18647555620,864,book207-new
+18647555623,864,book207-new
+18647555624,864,book207-new
+18647555627,864,book207-new
+18647555629,864,book207-new
+18647555630,864,book207-new
+18647555640,864,book207-new
+18647555641,864,book207-new
+18647555649,864,book207-new
+18647555650,864,book207-new
+18647555661,864,book207-new
+18647555676,864,book207-new
+18647555677,864,book207-new
+18647555680,864,book207-new
+18647555684,864,book207-new
+18647555688,864,book207-new
+18647555698,864,book207-new
+18647555705,864,book207-new
+18647555713,864,book207-new
+18647555717,864,book207-new
+18647555718,864,book207-new
+18647555721,864,book207-new
+18647555725,864,book207-new
+18647555731,864,book207-new
+18647555735,864,book207-new
+18647555738,864,book207-new
+18647555740,864,book207-new
+18647555742,864,book207-new
+18647555749,864,book207-new
+18647555751,864,book207-new
+18647555789,864,book207-new
+18647555790,864,book207-new
+18647555794,864,book207-new
+18647555805,864,book207-new
+18647555808,864,book207-new
+18647555809,864,book207-new
+18647555821,864,book207-new
+18647555822,864,book207-new
+18647555826,864,book207-new
+18647555827,864,book207-new
+18647555832,864,book207-new
+18647555835,864,book207-new
+18647555841,864,book207-new
+18647555860,864,book207-new
+18647555866,864,book207-new
+18647555868,864,book207-new
+18647555870,864,book207-new
+18647555874,864,book207-new
+18647555876,864,book207-new
+18647555877,864,book207-new
+18647555886,864,book207-new
+18647555887,864,book207-new
+18647555905,864,book207-new
+18647555909,864,book207-new
+18647555918,864,book207-new
+18647555921,864,book207-new
+18647555922,864,book207-new
+18647555925,864,book207-new
+18647555926,864,book207-new
+18647555929,864,book207-new
+18647555932,864,book207-new
+18647555933,864,book207-new
+18647555939,864,book207-new
+18647555946,864,book207-new
+18647555950,864,book207-new
+18647555951,864,book207-new
+18647555962,864,book207-new
+18647555964,864,book207-new
+18647555969,864,book207-new
+18647555975,864,book207-new
+18647555981,864,book207-new
+18647555984,864,book207-new
+18647555985,864,book207-new
+18647555989,864,book207-new
+18647555994,864,book207-new
+18647555997,864,book207-new
+18647663001,864,book207-new
+18647663008,864,book207-new
+18647663016,864,book207-new
+18647663018,864,book207-new
+18647663019,864,book207-new
+18647663021,864,book207-new
+18647663026,864,book207-new
+18647663029,864,book207-new
+18647663036,864,book207-new
+18647663038,864,book207-new
+18647663041,864,book207-new
+18647663042,864,book207-new
+18647663043,864,book207-new
+18647663044,864,book207-new
+18647663046,864,book207-new
+18647663048,864,book207-new
+18647663052,864,book207-new
+18647663053,864,book207-new
+18647663056,864,book207-new
+18647663058,864,book207-new
+18722555460,872,live-since-aug22
+18722555461,872,live-since-aug22
+18722555462,872,live-since-aug22
+18722555731,872,live-since-aug22
+18722555739,872,live-since-aug22
+18722555740,872,live-since-aug22
+18722555742,872,live-since-aug22
+18722555744,872,live-since-aug22
+18722555753,872,live-since-aug22
+18722555754,872,live-since-aug22
+18727663326,872,live-since-aug22
+18783368321,878,live-since-aug22
+18783368323,878,live-since-aug22
+18783368363,878,live-since-aug22
+18783368501,878,live-since-aug22
+18783368589,878,live-since-aug22
+18783368628,878,live-since-aug22
+18783368643,878,live-since-aug22
+18783567002,878,live-since-aug22
+18783567013,878,live-since-aug22
+18783567015,878,live-since-aug22
+19015888276,901,live-since-aug22
+19015888309,901,live-since-aug22
+19015888559,901,live-since-aug22
+19015888562,901,live-since-aug22
+19015888563,901,live-since-aug22
+19015888789,901,book207-new
+19015888795,901,book207-new
+19015888799,901,book207-new
+19015888804,901,book207-new
+19015888814,901,book207-new
+19015888817,901,book207-new
+19015888830,901,book207-new
+19015888840,901,book207-new
+19015888851,901,book207-new
+19015888859,901,book207-new
+19015888862,901,book207-new
+19015888867,901,book207-new
+19015888873,901,book207-new
+19015888876,901,book207-new
+19015888916,901,book207-new
+19015888948,901,book207-new
+19015888953,901,book207-new
+19015888959,901,book207-new
+19015888974,901,book207-new
+19015888979,901,book207-new
+19015888980,901,book207-new
+19015888994,901,book207-new
+19015925460,901,book207-new
+19016092037,901,book207-new
+19016092083,901,book207-new
+19016777012,901,book207-new
+19016777015,901,book207-new
+19016777021,901,book207-new
+19016777033,901,book207-new
+19016777034,901,book207-new
+19016777036,901,book207-new
+19016777038,901,book207-new
+19016777040,901,book207-new
+19016777043,901,book207-new
+19016777044,901,book207-new
+19016777045,901,book207-new
+19016777054,901,book207-new
+19016777058,901,book207-new
+19016777072,901,book207-new
+19016777078,901,book207-new
+19016777113,901,book207-new
+19016777126,901,book207-new
+19016777140,901,book207-new
+19016777141,901,book207-new
+19016777169,901,book207-new
+19016777177,901,book207-new
+19016777202,901,book207-new
+19016777207,901,book207-new
+19016777240,901,book207-new
+19016777257,901,book207-new
+19016777260,901,book207-new
+19016777261,901,book207-new
+19016777293,901,book207-new
+19016777304,901,book207-new
+19016777319,901,book207-new
+19016777329,901,book207-new
+19016777334,901,book207-new
+19016777340,901,book207-new
+19016777343,901,book207-new
+19016777345,901,book207-new
+19016777363,901,book207-new
+19016777365,901,book207-new
+19016777375,901,book207-new
+19016777381,901,book207-new
+19016777383,901,book207-new
+19016777393,901,book207-new
+19016777403,901,book207-new
+19016777411,901,book207-new
+19016777431,901,book207-new
+19016777438,901,book207-new
+19016777439,901,book207-new
+19016777449,901,book207-new
+19016777450,901,book207-new
+19016777452,901,book207-new
+19016777462,901,book207-new
+19016777493,901,book207-new
+19016777498,901,book207-new
+19016777502,901,book207-new
+19016777516,901,book207-new
+19016999892,901,live-since-aug22
+19032222979,903,live-since-aug22
+19032222980,903,live-since-aug22
+19032222993,903,live-since-aug22
+19032224011,903,live-since-aug22
+19032224032,903,live-since-aug22
+19032224245,903,book207-new
+19032224248,903,book207-new
+19032224249,903,book207-new
+19032224257,903,book207-new
+19032224258,903,book207-new
+19032224262,903,book207-new
+19032224270,903,book207-new
+19032224276,903,book207-new
+19032224289,903,book207-new
+19032224290,903,book207-new
+19032224292,903,book207-new
+19032224299,903,book207-new
+19032224303,903,book207-new
+19032224308,903,book207-new
+19032224312,903,book207-new
+19032224313,903,book207-new
+19032224315,903,book207-new
+19032224318,903,book207-new
+19032224320,903,book207-new
+19032224338,903,book207-new
+19032224339,903,book207-new
+19032224340,903,book207-new
+19032224341,903,book207-new
+19032224344,903,book207-new
+19032224345,903,book207-new
+19032224352,903,book207-new
+19032224359,903,book207-new
+19032224361,903,book207-new
+19032224370,903,book207-new
+19032224378,903,book207-new
+19032224382,903,book207-new
+19032224383,903,book207-new
+19032224388,903,book207-new
+19032224389,903,book207-new
+19032224393,903,book207-new
+19032224404,903,book207-new
+19032224412,903,book207-new
+19032224421,903,book207-new
+19032224424,903,book207-new
+19032224426,903,book207-new
+19032224428,903,book207-new
+19032224435,903,book207-new
+19032224436,903,book207-new
+19032224439,903,book207-new
+19032224457,903,book207-new
+19032224460,903,book207-new
+19032224468,903,book207-new
+19032224470,903,book207-new
+19032224471,903,book207-new
+19032224473,903,book207-new
+19032224479,903,book207-new
+19032224482,903,book207-new
+19032224487,903,book207-new
+19032224492,903,book207-new
+19032224493,903,book207-new
+19032224494,903,book207-new
+19032224496,903,book207-new
+19032224505,903,book207-new
+19032224506,903,book207-new
+19032224508,903,book207-new
+19032224510,903,book207-new
+19032224515,903,book207-new
+19032224518,903,book207-new
+19032224522,903,book207-new
+19032224523,903,book207-new
+19032224527,903,book207-new
+19032224532,903,book207-new
+19032224540,903,book207-new
+19032224542,903,book207-new
+19032224552,903,book207-new
+19032224553,903,book207-new
+19032224562,903,book207-new
+19032224564,903,book207-new
+19032224572,903,book207-new
+19032224573,903,book207-new
+19032224575,903,book207-new
+19032224580,903,book207-new
+19032224581,903,book207-new
+19032228544,903,live-since-aug22
+19042013664,904,live-since-aug22
+19042744053,904,live-since-aug22
+19042744374,904,live-since-aug22
+19042744559,904,live-since-aug22
+19042905765,904,live-since-aug22
+19043500468,904,book207-new
+19043500478,904,book207-new
+19043500519,904,book207-new
+19043500542,904,book207-new
+19043500588,904,book207-new
+19043500589,904,book207-new
+19043500634,904,book207-new
+19043500645,904,book207-new
+19043500650,904,book207-new
+19043500671,904,book207-new
+19043500683,904,book207-new
+19043500699,904,book207-new
+19043500725,904,book207-new
+19043500746,904,book207-new
+19043500751,904,book207-new
+19043500752,904,book207-new
+19043500761,904,book207-new
+19043500764,904,book207-new
+19043500766,904,book207-new
+19043500785,904,book207-new
+19043500837,904,book207-new
+19043500869,904,book207-new
+19043500878,904,book207-new
+19043500943,904,book207-new
+19043500947,904,book207-new
+19043500951,904,book207-new
+19043500960,904,book207-new
+19043500990,904,book207-new
+19043501644,904,book207-new
+19043501675,904,book207-new
+19044177097,904,book207-new
+19044252358,904,book207-new
+19044257022,904,book207-new
+19044474990,904,book207-new
+19044587902,904,book207-new
+19044906013,904,book207-new
+19044906044,904,book207-new
+19044908523,904,book207-new
+19045062018,904,book207-new
+19045151125,904,book207-new
+19045267991,904,book207-new
+19045305393,904,book207-new
+19045334006,904,book207-new
+19045393188,904,book207-new
+19045448513,904,book207-new
+19045777021,904,book207-new
+19045777027,904,book207-new
+19045777043,904,book207-new
+19045777048,904,book207-new
+19045777074,904,book207-new
+19045777085,904,book207-new
+19045777087,904,book207-new
+19045777116,904,book207-new
+19045777130,904,book207-new
+19045777188,904,book207-new
+19045777255,904,book207-new
+19045777403,904,book207-new
+19045777408,904,book207-new
+19045777410,904,book207-new
+19045777431,904,book207-new
+19045777434,904,book207-new
+19045777436,904,book207-new
+19045777441,904,book207-new
+19045777449,904,book207-new
+19045777453,904,book207-new
+19045777469,904,book207-new
+19045777472,904,book207-new
+19045777475,904,book207-new
+19045777482,904,book207-new
+19045777484,904,book207-new
+19045777486,904,book207-new
+19045777491,904,book207-new
+19045777504,904,book207-new
+19045777513,904,book207-new
+19045777519,904,book207-new
+19045777520,904,book207-new
+19049777150,904,live-since-aug22
+19102494141,910,live-since-aug22
+19103780874,910,live-since-aug22
+19104064158,910,live-since-aug22
+19104278218,910,live-since-aug22
+19104278573,910,live-since-aug22
+19104921024,910,book207-new
+19104925155,910,book207-new
+19105351239,910,book207-new
+19105619917,910,book207-new
+19105999342,910,book207-new
+19105999343,910,book207-new
+19106666047,910,book207-new
+19106666048,910,book207-new
+19106666049,910,book207-new
+19106666051,910,book207-new
+19106666057,910,book207-new
+19106666062,910,book207-new
+19106666065,910,book207-new
+19106666067,910,book207-new
+19106666068,910,book207-new
+19106666071,910,book207-new
+19106666074,910,book207-new
+19106666076,910,book207-new
+19106666078,910,book207-new
+19106666086,910,book207-new
+19106666091,910,book207-new
+19106666094,910,book207-new
+19106666097,910,book207-new
+19106666099,910,book207-new
+19106666101,910,book207-new
+19106666102,910,book207-new
+19106666103,910,book207-new
+19106666104,910,book207-new
+19106666107,910,book207-new
+19106666109,910,book207-new
+19106666110,910,book207-new
+19106666114,910,book207-new
+19106666115,910,book207-new
+19106666117,910,book207-new
+19106666118,910,book207-new
+19106666120,910,book207-new
+19106666125,910,book207-new
+19106666127,910,book207-new
+19106666133,910,book207-new
+19106666135,910,book207-new
+19106666141,910,book207-new
+19106666147,910,book207-new
+19106666149,910,book207-new
+19106666150,910,book207-new
+19106666152,910,book207-new
+19106666156,910,book207-new
+19106666157,910,book207-new
+19106666158,910,book207-new
+19106666159,910,book207-new
+19106666163,910,book207-new
+19106666164,910,book207-new
+19106666165,910,book207-new
+19106666173,910,book207-new
+19106666174,910,book207-new
+19106666176,910,book207-new
+19106666177,910,book207-new
+19106666178,910,book207-new
+19106666187,910,book207-new
+19106666191,910,book207-new
+19106666192,910,book207-new
+19106666195,910,book207-new
+19106666199,910,book207-new
+19106666206,910,book207-new
+19106666207,910,book207-new
+19106666210,910,book207-new
+19106666215,910,book207-new
+19106666230,910,book207-new
+19106666232,910,book207-new
+19106666250,910,book207-new
+19106666255,910,book207-new
+19106666256,910,book207-new
+19106666261,910,book207-new
+19106666282,910,book207-new
+19106666285,910,book207-new
+19106666959,910,live-since-aug22
+19127333135,912,live-since-aug22
+19127333250,912,live-since-aug22
+19127666118,912,live-since-aug22
+19127666204,912,book207-new
+19127999177,912,book207-new
+19127999816,912,book207-new
+19128999706,912,book207-new
+19129333193,912,book207-new
+19129333294,912,book207-new
+19129333521,912,book207-new
+19129333575,912,book207-new
+19129463711,912,book207-new
+19129555299,912,book207-new
+19129555818,912,book207-new
+19135000280,913,live-since-aug22
+19135000422,913,live-since-aug22
+19135000426,913,live-since-aug22
+19135000735,913,live-since-aug22
+19135000750,913,live-since-aug22
+19138999819,913,live-since-aug22
+19154555743,915,live-since-aug22
+19194570109,919,live-since-aug22
+19194570117,919,live-since-aug22
+19194570203,919,live-since-aug22
+19195189977,919,live-since-aug22
+19195293426,919,live-since-aug22
+19195293450,919,live-since-aug22
+19258809529,925,live-since-aug22
+19296555786,929,live-since-aug22
+19296678958,929,live-since-aug22
+19297899303,929,live-since-aug22
+19297999881,929,live-since-aug22
+19298333236,929,live-since-aug22
+19298666091,929,live-since-aug22
+19299222250,929,live-since-aug22
+19299444880,929,live-since-aug22
+19299919658,929,live-since-aug22
+19303368752,930,live-since-aug22
+19303486085,930,live-since-aug22
+19308777977,930,live-since-aug22
+19312345017,931,live-since-aug22
+19312345020,931,live-since-aug22
+19312345021,931,live-since-aug22
+19312345025,931,live-since-aug22
+19312345040,931,live-since-aug22
+19312345042,931,live-since-aug22
+19312345043,931,live-since-aug22
+19343444270,934,live-since-aug22
+19349444105,934,live-since-aug22
+19362002035,936,live-since-aug22
+19365999446,936,live-since-aug22
+19366000158,936,live-since-aug22
+19372269973,937,live-since-aug22
+19372269997,937,live-since-aug22
+19372360104,937,live-since-aug22
+19372490437,937,live-since-aug22
+19378222317,937,book207-new
+19378222408,937,book207-new
+19378222524,937,book207-new
+19378222550,937,book207-new
+19378222596,937,book207-new
+19378222747,937,book207-new
+19378222771,937,book207-new
+19378222879,937,book207-new
+19378222893,937,book207-new
+19378222919,937,book207-new
+19382345737,938,live-since-aug22
+19385000124,938,live-since-aug22
+19387325479,938,live-since-aug22
+19387586406,938,live-since-aug22
+19403366120,940,live-since-aug22
+19403569846,940,live-since-aug22
+19407773204,940,live-since-aug22
+19408425908,940,live-since-aug22
+19414328092,941,live-since-aug22
+19416678232,941,live-since-aug22
+19417325462,941,live-since-aug22
+19418444963,941,live-since-aug22
+19418444978,941,live-since-aug22
+19473456133,947,live-since-aug22
+19482002488,948,live-since-aug22
+19484444394,948,live-since-aug22
+19485000874,948,live-since-aug22
+19485005412,948,live-since-aug22
+19485299174,948,live-since-aug22
+19497788192,949,live-since-aug22
+19498818959,949,live-since-aug22
+19499463724,949,live-since-aug22
+19499666949,949,live-since-aug22
+19499696658,949,live-since-aug22
+19499939784,949,live-since-aug22
+19499966115,949,live-since-aug22
+19518555208,951,live-since-aug22
+19518899823,951,live-since-aug22
+19542136119,954,live-since-aug22
+19542136160,954,live-since-aug22
+19542287088,954,live-since-aug22
+19542287127,954,live-since-aug22
+19542287554,954,live-since-aug22
+19564412007,956,live-since-aug22
+19564412008,956,live-since-aug22
+19564412009,956,live-since-aug22
+19722045232,972,live-since-aug22
+19723043309,972,live-since-aug22
+19723389219,972,live-since-aug22
+19793337879,979,live-since-aug22
+19803567018,980,live-since-aug22
+19803567019,980,live-since-aug22
+19803567020,980,live-since-aug22
+19803567021,980,live-since-aug22
+19803567079,980,live-since-aug22
+19803567081,980,live-since-aug22
+19803567087,980,live-since-aug22
+19803567091,980,live-since-aug22
+19803567094,980,live-since-aug22
+19803567095,980,live-since-aug22
+19803567101,980,live-since-aug22
+19803567102,980,live-since-aug22
+19803567103,980,live-since-aug22
+19803567104,980,live-since-aug22
+19803567324,980,book207-new
+19803567327,980,book207-new
+19803567330,980,book207-new
+19803567331,980,book207-new
+19803567334,980,book207-new
+19803567335,980,book207-new
+19803567336,980,book207-new
+19803567338,980,book207-new
+19803567341,980,book207-new
+19803567342,980,book207-new
+19803567343,980,book207-new
+19803567350,980,book207-new
+19803567356,980,book207-new
+19803567359,980,book207-new
+19803567361,980,book207-new
+19803567367,980,book207-new
+19803567368,980,book207-new
+19803567370,980,book207-new
+19803567378,980,book207-new
+19803567387,980,book207-new
+19803567397,980,book207-new
+19803567406,980,book207-new
+19803567409,980,book207-new
+19803567422,980,book207-new
+19803567434,980,book207-new
+19803567438,980,book207-new
+19803567439,980,book207-new
+19803567441,980,book207-new
+19803567449,980,book207-new
+19803567458,980,book207-new
+19803567459,980,book207-new
+19803567464,980,book207-new
+19803567465,980,book207-new
+19803567479,980,book207-new
+19803567493,980,book207-new
+19803567495,980,book207-new
+19803567505,980,book207-new
+19803567506,980,book207-new
+19803567509,980,book207-new
+19803567510,980,book207-new
+19803567519,980,book207-new
+19803567525,980,book207-new
+19803567526,980,book207-new
+19803567534,980,book207-new
+19803567536,980,book207-new
+19803567543,980,book207-new
+19803567545,980,book207-new
+19803567556,980,book207-new
+19803567558,980,book207-new
+19803567571,980,book207-new
+19803567578,980,book207-new
+19803567580,980,book207-new
+19803567581,980,book207-new
+19803567596,980,book207-new
+19803567597,980,book207-new
+19803567605,980,book207-new
+19803567606,980,book207-new
+19803567608,980,book207-new
+19803567611,980,book207-new
+19803567620,980,book207-new
+19803567621,980,book207-new
+19803567623,980,book207-new
+19803567627,980,book207-new
+19803567638,980,book207-new
+19803567643,980,book207-new
+19803567651,980,book207-new
+19803567653,980,book207-new
+19803567664,980,book207-new
+19803567669,980,book207-new
+19803567670,980,book207-new
+19803567674,980,book207-new
+19803567675,980,book207-new
+19803567682,980,book207-new
+19803567686,980,book207-new
+19803567689,980,book207-new
+19803567701,980,book207-new
+19803567708,980,book207-new
+19803567709,980,book207-new
+19803567712,980,book207-new
+19803567714,980,book207-new
+19843456140,984,live-since-aug22
+19843456142,984,live-since-aug22
+19846777951,984,live-since-aug22
+19853368261,985,live-since-aug22
+19866000314,986,live-since-aug22
+19868008648,986,live-since-aug22
+19868666694,986,live-since-aug22
+19896999359,989,live-since-aug22
+19896999401,989,live-since-aug22
+19896999416,989,live-since-aug22
+19896999420,989,live-since-aug22
+19896999424,989,live-since-aug22
